runner,session_num,pace,rii,status,distance,is_pb
Kamal,1,232.03321723465947,1.0,✅ On Pace,1146.3875869591088,True
Nuwan,1,244.20897986525387,1.0,✅ On Pace,1207.9817874132675,True
Dilshan,1,259.2440366449891,1.0,✅ On Pace,1203.4992358464754,True
Tharindu,1,217.40997213038924,1.0,✅ On Pace,1048.7099453895312,True
Supun,1,260.5472939925523,1.0,✅ On Pace,1335.650026017724,True
